citing_arxiv_id,cited_arxiv_id,citation_marker_uuid,citing_pwc_id,cited_pwc_id
2005.05740,1710.06555,9ab3d5df-9b5f-48df-95ec-65def9caed3a,pwc:paper/readnet-towards-accurate-reid-with-limited,pwc:paper/learning-deep-context-aware-features-over
2005.05740,1704.01719,0eb3e5cd-0ae9-4809-92b9-e740ddb2bf81,pwc:paper/readnet-towards-accurate-reid-with-limited,pwc:paper/beyond-triplet-loss-a-deep-quadruplet-network
2005.05740,1710.00478,e277ef7c-4dea-4df3-8bb9-c5d52605012e,pwc:paper/readnet-towards-accurate-reid-with-limited,pwc:paper/margin-sample-mining-loss-a-deep-learning
2005.05740,1701.07717,d8b0648c-f981-40f7-bdb3-f626f9279242,pwc:paper/readnet-towards-accurate-reid-with-limited,pwc:paper/unlabeled-samples-generated-by-gan-improve
2005.05740,1707.05574,729e228d-c462-48bd-a06d-1e957f2c7d7f,pwc:paper/readnet-towards-accurate-reid-with-limited,pwc:paper/one-shot-face-recognition-by-promoting
2005.05740,1703.07737,d1527733-0323-4c65-a2ce-c1a0a41b614a,pwc:paper/readnet-towards-accurate-reid-with-limited,pwc:paper/in-defense-of-the-triplet-loss-for-person-re
2005.05740,1801.07698,81bf1f58-9228-49fa-902b-9dde043e3989,pwc:paper/readnet-towards-accurate-reid-with-limited,pwc:paper/arcface-additive-angular-margin-loss-for-deep
2005.05740,1703.10593,682a1272-c6be-4048-a0f7-495d3ad0225c,pwc:paper/readnet-towards-accurate-reid-with-limited,pwc:paper/unpaired-image-to-image-translation-using
2005.05740,1512.00567,e408be98-9504-47d6-95aa-3ae7e473a301,pwc:paper/readnet-towards-accurate-reid-with-limited,pwc:paper/rethinking-the-inception-architecture-for
2005.05740,1412.6980,aee59481-38cf-463d-a700-dad87fcae3fe,pwc:paper/readnet-towards-accurate-reid-with-limited,pwc:paper/adam-a-method-for-stochastic-optimization
2005.05740,1701.07717,1d59bf9e-ef4d-46f1-bfa6-225fd2a2d36c,pwc:paper/readnet-towards-accurate-reid-with-limited,pwc:paper/unlabeled-samples-generated-by-gan-improve
2005.05740,1701.08398,73725625-b694-4095-a676-1154e3f7f806,pwc:paper/readnet-towards-accurate-reid-with-limited,pwc:paper/re-ranking-person-re-identification-with-k
2005.05740,1707.00408,fd593dc4-8a79-40dd-b42a-3b2a226f3d31,pwc:paper/readnet-towards-accurate-reid-with-limited,pwc:paper/pedestrian-alignment-network-for-large-scale
2005.05740,1703.05693,96ec80b7-b7a1-4243-93b1-95b025535aa7,pwc:paper/readnet-towards-accurate-reid-with-limited,pwc:paper/svdnet-for-pedestrian-retrieval
2005.05740,1708.04896,5d2d63d9-5194-47d8-9dde-3d659a1a41ba,pwc:paper/readnet-towards-accurate-reid-with-limited,pwc:paper/random-erasing-data-augmentation
2005.05740,1606.04404,959512f6-d79d-454a-bb76-28c759ccb93c,pwc:paper/readnet-towards-accurate-reid-with-limited,pwc:paper/end-to-end-comparative-attention-networks-for
2005.05740,1707.00798,92f81ba0-1132-4ebc-aa16-a1f5b3833ea9,pwc:paper/readnet-towards-accurate-reid-with-limited,pwc:paper/deep-representation-learning-with-part-loss
2005.05740,1711.08184,ec798c2e-347f-4eb6-84d2-164b11b7854b,pwc:paper/readnet-towards-accurate-reid-with-limited,pwc:paper/alignedreid-surpassing-human-level
2005.05930,1808.06865,00bfb0ba-6d7f-4881-bfe5-736d3b6617de,pwc:paper/localized-convolutional-neural-networks-for,pwc:paper/machine-learning-for-spatiotemporal-sequence
2005.05930,1508.06576,07543149-8d7c-4a9a-8c7c-133188e681ee,pwc:paper/localized-convolutional-neural-networks-for,pwc:paper/a-neural-algorithm-of-artistic-style
2005.05930,1502.03167,a48926c1-803e-4929-982a-205ab0e7f415,pwc:paper/localized-convolutional-neural-networks-for,pwc:paper/batch-normalization-accelerating-deep-network
2005.05752,1602.05629,34293902-21a3-4241-9581-c70b58dafb88,pwc:paper/a-secure-federated-learning-framework-for-5g,pwc:paper/communication-efficient-learning-of-deep
2005.05752,1712.07557,a9bba663-a248-45f4-8b88-3d9a0c5dec23,pwc:paper/a-secure-federated-learning-framework-for-5g,pwc:paper/differentially-private-federated-learning-a
2005.05868,1603.08270,d7d3d7c7-1ace-4e00-be00-e5e25bfb09c7,pwc:paper/recurrent-and-spiking-modeling-of-sparse,pwc:paper/convolutional-networks-for-fast-energy
2005.05868,1903.02306,b24efa11-54b5-4330-abcb-1bf6b3ecc944,pwc:paper/recurrent-and-spiking-modeling-of-sparse,pwc:paper/video-based-surgical-skill-assessment-using
2005.05856,1704.05519,c348a5f7-6bf3-4d39-b88c-5ab505bd8b26,pwc:paper/probabilistic-semantic-segmentation,pwc:paper/computer-vision-for-autonomous-vehicles
2005.05856,1902.09063,f926210e-fd73-461e-b197-e0a4f09f057f,pwc:paper/probabilistic-semantic-segmentation,pwc:paper/a-large-annotated-medical-image-dataset-for
2005.05856,1704.00675,a55ea196-9c1e-4695-ae2d-ed94cccedef4,pwc:paper/probabilistic-semantic-segmentation,pwc:paper/the-2017-davis-challenge-on-video-object
2005.05856,1409.1556,a46da0bd-9616-4dfd-a372-c5231116ffd8,pwc:paper/probabilistic-semantic-segmentation,pwc:paper/very-deep-convolutional-networks-for-large
2005.05856,1811.12709,acfc5e41-f4df-46b9-9e5c-fa111030ffb8,pwc:paper/probabilistic-semantic-segmentation,pwc:paper/evaluating-bayesian-deep-learning-methods-for
2005.06038,1702.02519,e5dbb30c-8ded-45f1-9f41-8e06e06c0943,pwc:paper/generalized-multi-view-shared-subspace,pwc:paper/deep-generalized-canonical-correlation
2005.06038,1405.3531,277d3ee6-bc46-4269-a0ea-cef0acb72e5f,pwc:paper/generalized-multi-view-shared-subspace,pwc:paper/return-of-the-devil-in-the-details-delving
2005.06038,1304.5634,ee639aee-de53-4115-b327-4476cd2cb5ad,pwc:paper/generalized-multi-view-shared-subspace,pwc:paper/a-survey-on-multi-view-learning
2005.05837,1802.04799,f49d8530-f954-478e-b73e-8ef98ac22b5e,pwc:paper/energy-aware-dnn-graph-optimization,pwc:paper/tvm-an-automated-end-to-end-optimizing
2005.05837,1410.0759,28c8c0d1-66f7-4474-a795-f4d1c28cfb46,pwc:paper/energy-aware-dnn-graph-optimization,pwc:paper/cudnn-efficient-primitives-for-deep-learning
2005.05837,1602.07360,d8f18a9b-b280-4556-b93c-b80550aa9c3e,pwc:paper/energy-aware-dnn-graph-optimization,pwc:paper/squeezenet-alexnet-level-accuracy-with-50x
2005.05837,1802.04924,7475702f-db11-469e-90fe-94e89380fb3a,pwc:paper/energy-aware-dnn-graph-optimization,pwc:paper/exploring-hidden-dimensions-in-parallelizing
2005.05819,1806.10764,b714c10d-8d35-434a-84da-436ddf255b04,pwc:paper/towards-a-scientific-method-for-dynamical,pwc:paper/biochemical-coupling-through-emergent
2005.05819,1811.08338,cc5d7733-4ffb-4972-8e59-95797fdc2ba8,pwc:paper/towards-a-scientific-method-for-dynamical,pwc:paper/causal-inference-by-string-diagram-surgery
2005.05806,1901.08634,5060b91b-04e2-4671-8526-6e33bff4fb38,pwc:paper/document-modeling-with-graph-attention,pwc:paper/a-bert-baseline-for-the-natural-questions
2005.05806,1811.01824,16984ab4-d20b-4981-86fe-bdbf8a00d1cd,pwc:paper/document-modeling-with-graph-attention,pwc:paper/structured-neural-summarization
2005.05806,1902.09243,6dc300ea-065c-4ad9-9d30-2ea183c60936,pwc:paper/document-modeling-with-graph-attention,pwc:paper/pretraining-based-natural-language-generation
2005.05889,1412.6980,f29c0ae6-7f7e-4b84-a34b-ba59c0db028e,pwc:paper/upper-bounds-on-the-generalization-error-of,pwc:paper/adam-a-method-for-stochastic-optimization
2005.06022,1810.04805,0b2665af-f06f-470b-9969-7856cc139df2,pwc:paper/reputation-agent-prompting-fair-reviews-in,pwc:paper/bert-pre-training-of-deep-bidirectional
2005.06022,1412.6980,0eb1a310-c4d7-4f79-b51f-bf2fb27ba02c,pwc:paper/reputation-agent-prompting-fair-reviews-in,pwc:paper/adam-a-method-for-stochastic-optimization
2005.06022,1703.10545,39d980fc-bd74-4f91-adce-196745e2e795,pwc:paper/reputation-agent-prompting-fair-reviews-in,pwc:paper/fairjudge-trustworthy-user-prediction-in
2005.05750,1712.04006,f6a7abec-3f70-4a58-aff9-f11a00f55f08,pwc:paper/evaluating-ensemble-robustness-against,pwc:paper/training-ensembles-to-detect-adversarial
2005.05750,1606.04435,cf78565a-4459-4637-b0cb-d8ad838faa2b,pwc:paper/evaluating-ensemble-robustness-against,pwc:paper/adversarial-perturbations-against-deep-neural
2005.05750,1901.09981,c55df05b-6dd1-4f2a-9be4-592071c241fe,pwc:paper/evaluating-ensemble-robustness-against,pwc:paper/improving-adversarial-robustness-of-ensembles
2005.05750,1901.08846,5c2d924d-4f6b-4e8f-930b-0a9ae0471a43,pwc:paper/evaluating-ensemble-robustness-against,pwc:paper/improving-adversarial-robustness-via
2005.05750,1312.6199,0c2aa5df-1dfb-4a8e-8fa8-957d44cf3b91,pwc:paper/evaluating-ensemble-robustness-against,pwc:paper/intriguing-properties-of-neural-networks
2005.05865,1412.6980,43ff9e9e-bc05-4080-a268-dfb0ce5b793e,pwc:paper/unsupervised-anomaly-detection-via-deep,pwc:paper/adam-a-method-for-stochastic-optimization
2005.05999,1412.6980,984fe425-34d5-4800-98b9-8025089f6415,pwc:paper/fast-deep-multi-patch-hierarchical-network,pwc:paper/adam-a-method-for-stochastic-optimization
2005.05999,1409.1556,08100e9b-316d-4d79-9e38-96042b7ac579,pwc:paper/fast-deep-multi-patch-hierarchical-network,pwc:paper/very-deep-convolutional-networks-for-large
2005.05909,2007.06174,a037c66b-15a9-4fb0-b14d-cc3dc7431ff8,pwc:paper/textattack-a-framework-for-adversarial,pwc:paper/generating-fluent-adversarial-examples-for-1
2005.06035,1612.00837,3dd2c297-e352-4415-b127-5f2a59f6a045,pwc:paper/cross-modality-relevance-for-reasoning-on,pwc:paper/making-the-v-in-vqa-matter-elevating-the-role
2005.06001,1709.07223,d0822799-a89f-4207-b027-1315abde9fe8,pwc:paper/deep-learning-techniques-for-inverse-problems,pwc:paper/convolutional-neural-networks-that-teach
2005.06001,1312.6114,b7d22a7b-8ab5-43a3-baa1-75da9a26f0e0,pwc:paper/deep-learning-techniques-for-inverse-problems,pwc:paper/auto-encoding-variational-bayes
2005.06001,1705.08041,5afc0b13-605b-4e29-b720-cfabbf9eb2bf,pwc:paper/deep-learning-techniques-for-inverse-problems,pwc:paper/unrolled-optimization-with-deep-priors
2005.06001,1805.10531,423ea357-2322-4448-9509-920c52d5eacb,pwc:paper/deep-learning-techniques-for-inverse-problems,pwc:paper/unsupervised-learning-with-steins-unbiased
2005.06001,1802.04073,57b654de-4624-48ac-9028-8c38103da362,pwc:paper/deep-learning-techniques-for-inverse-problems,pwc:paper/blind-image-deconvolution-using-deep
2005.06001,1805.07281,d53f5f50-6f01-4d9b-b6cc-cc8a146f99a4,pwc:paper/deep-learning-techniques-for-inverse-problems,pwc:paper/an-unsupervised-approach-to-solving-inverse
2005.06001,1803.04189,80b87de5-163c-44b8-9e46-ecf1d07a2a0d,pwc:paper/deep-learning-techniques-for-inverse-problems,pwc:paper/noise2noise-learning-image-restoration
2005.06001,1412.6980,e0fc7df7-6ebb-4c8b-a5f1-a1f55e768c57,pwc:paper/deep-learning-techniques-for-inverse-problems,pwc:paper/adam-a-method-for-stochastic-optimization
2005.06001,1705.07576,95c0ab7c-e132-4fd2-8c4e-b0e3de7e0bde,pwc:paper/deep-learning-techniques-for-inverse-problems,pwc:paper/global-guarantees-for-enforcing-deep
2005.06001,1706.00051,2ff39f44-8ed1-4e94-8a7b-aefb4fbcd7db,pwc:paper/deep-learning-techniques-for-inverse-problems,pwc:paper/deep-generative-adversarial-networks-for
2005.06001,1803.04477,ae2b7970-f866-4f44-9bc1-c747fea0b40b,pwc:paper/deep-learning-techniques-for-inverse-problems,pwc:paper/correction-by-projection-denoising-images
2005.06001,1807.01442,8d65ad32-aef4-4ef9-aeab-924cef839c4e,pwc:paper/deep-learning-techniques-for-inverse-problems,pwc:paper/modeling-sparse-deviations-for-compressed
2005.06001,1610.04490,67d80e1c-1c3c-4232-a9ef-43d864294b5c,pwc:paper/deep-learning-techniques-for-inverse-problems,pwc:paper/amortised-map-inference-for-image-super
2005.06001,1806.06438,5e9e3c82-b99f-4204-85db-0b4012adf565,pwc:paper/deep-learning-techniques-for-inverse-problems,pwc:paper/compressed-sensing-with-deep-image-prior-and
2005.06001,1811.05910,f4296a86-8fce-43de-962c-fd3b1ea83438,pwc:paper/deep-learning-techniques-for-inverse-problems,pwc:paper/deep-bayesian-inversion
2005.05847,1611.09940,33fb2e20-8a23-4fd7-b10e-d04a81f1cc8a,pwc:paper/generalization-of-machine-learning-for,pwc:paper/neural-combinatorial-optimization-with
2005.05847,1811.06128,9cfc79f2-2aeb-4c1f-94c8-592efbff21d4,pwc:paper/generalization-of-machine-learning-for,pwc:paper/machine-learning-for-combinatorial
2005.06023,1704.03453,ad2ef448-251d-4135-b11c-6085657682c3,pwc:paper/increased-confidence-adversarial-examples-for,pwc:paper/the-space-of-transferable-adversarial
2005.06023,1707.04131,b66cdc99-a922-422b-b8f9-139fcd0d5855,pwc:paper/increased-confidence-adversarial-examples-for,pwc:paper/foolbox-a-python-toolbox-to-benchmark-the
2005.06023,1706.06083,3d9b5b45-64a7-42a4-8bff-9b03e6efee22,pwc:paper/increased-confidence-adversarial-examples-for,pwc:paper/towards-deep-learning-models-resistant-to
2005.06023,1607.02533,3127991d-08ff-4dfc-98ee-46f87d822af0,pwc:paper/increased-confidence-adversarial-examples-for,pwc:paper/adversarial-examples-in-the-physical-world
2005.06023,1409.1556,87d31e30-0001-4ed8-bb58-973602a018c2,pwc:paper/increased-confidence-adversarial-examples-for,pwc:paper/very-deep-convolutional-networks-for-large
2005.05754,1810.04805,2bae361a-5dd6-4f6b-83c8-c1a955a48d6a,pwc:paper/do-not-let-the-history-haunt-you-mitigating,pwc:paper/bert-pre-training-of-deep-bidirectional
2005.05754,1808.07042,7e5b4a91-4b39-48ae-a549-fde952f32f6a,pwc:paper/do-not-let-the-history-haunt-you-mitigating,pwc:paper/coqa-a-conversational-question-answering
2005.05754,1706.09601,3228fc88-f3a7-4364-917a-8e60dbe14a0d,pwc:paper/do-not-let-the-history-haunt-you-mitigating,pwc:paper/actor-critic-sequence-training-for-image
2005.05754,1812.03593,8ebe528a-1ab7-40a7-a37a-e8a1596df868,pwc:paper/do-not-let-the-history-haunt-you-mitigating,pwc:paper/sdnet-contextualized-attention-based-deep
2005.05913,1701.00160,6b32df5f-8d96-4c45-a197-e1bf64866e27,pwc:paper/gradient-free-methods-for-saddle-point,pwc:paper/nips-2016-tutorial-generative-adversarial
2005.05957,1804.02135,3fc0de5f-5648-4eb5-a968-c2c34af5137f,pwc:paper/flowtron-an-autoregressive-flow-based,pwc:paper/expressive-speech-synthesis-via-modeling
2005.05957,1705.08947,558ad693-73db-4fc9-bffa-826c2a826d1c,pwc:paper/flowtron-an-autoregressive-flow-based,pwc:paper/deep-voice-2-multi-speaker-neural-text-to
2005.05957,1702.07825,d1d032aa-dca5-477f-bbe7-07e6c5c828bb,pwc:paper/flowtron-an-autoregressive-flow-based,pwc:paper/deep-voice-real-time-neural-text-to-speech
2005.05957,1410.8516,56dc9a74-56fb-4dc6-b6b1-541750980107,pwc:paper/flowtron-an-autoregressive-flow-based,pwc:paper/nice-non-linear-independent-components
2005.05957,1605.08803,76d3b461-f44d-4986-877f-47e2dbd916c0,pwc:paper/flowtron-an-autoregressive-flow-based,pwc:paper/density-estimation-using-real-nvp
2005.05957,1412.6980,432da40e-435d-4015-9881-7c8931b04b71,pwc:paper/flowtron-an-autoregressive-flow-based,pwc:paper/adam-a-method-for-stochastic-optimization
2005.05957,1807.03039,f998ff4f-3d81-4935-9165-99341a6e8666,pwc:paper/flowtron-an-autoregressive-flow-based,pwc:paper/glow-generative-flow-with-invertible-1x1
2005.05957,1802.05751,0d4d4b43-1305-4f41-a5af-f4b892fb8a79,pwc:paper/flowtron-an-autoregressive-flow-based,pwc:paper/image-transformer
2005.05957,1511.06434,b5f20195-bdbb-4c72-b885-0cde2dd30985,pwc:paper/flowtron-an-autoregressive-flow-based,pwc:paper/unsupervised-representation-learning-with-1
2005.05957,1712.05884,525b2650-9084-4a9a-8232-00880ef97d13,pwc:paper/flowtron-an-autoregressive-flow-based,pwc:paper/natural-tts-synthesis-by-conditioning-wavenet
2005.05957,1803.09047,ab24804b-aa28-4a82-914b-b68357af5aad,pwc:paper/flowtron-an-autoregressive-flow-based,pwc:paper/towards-end-to-end-prosody-transfer-for
2005.05957,1703.10135,2561592f-75b0-45c8-99e1-bad78c6675ce,pwc:paper/flowtron-an-autoregressive-flow-based,pwc:paper/tacotron-towards-end-to-end-speech-synthesis
2005.05957,1803.09017,08d6c2fc-37a2-4d4b-aa06-0963689e0cb0,pwc:paper/flowtron-an-autoregressive-flow-based,pwc:paper/style-tokens-unsupervised-style-modeling
2005.05823,1612.09596,6e814c27-64f3-486b-8b2f-607fa3aa32ca,pwc:paper/perturbing-inputs-to-prevent-model-stealing,pwc:paper/counterfactual-prediction-with-deep
2005.05823,1806.00054,8e545260-f0c0-44d2-8dc3-e3ff8d49c91d,pwc:paper/perturbing-inputs-to-prevent-model-stealing,pwc:paper/defending-against-machine-learning-model
2005.05842,1808.08954,6cb6bc9a-966d-4b5e-9e31-bad8b04b335b,pwc:paper/a-survey-of-behavior-trees-in-robotics-and-ai,pwc:paper/behavior-trees-as-a-representation-for
